dgp,method,conv_rate_b
DGP6,CF,0.2742956764846541
DGP6,DML-CF,0.31919314420841954
DGP6,ORF,0.201840975432256
