dgp,method,conv_rate_b
DGP0,CF,0.19578925456643162
DGP0,DML-CF,0.2741822970411558
DGP0,ORF,0.24602743883701983
