dgp,method,conv_rate_b
DGP5,CF,0.39502394020795517
DGP5,DML-CF,0.2693923044304844
DGP5,ORF,0.3287323341576805
