dgp,method,conv_rate_b
DGP1,CF,0.1586298167941541
DGP1,DML-CF,0.21782919962541036
DGP1,ORF,0.23724628635518466
