dgp,method,conv_rate_b
DGP3,CF,0.16530323187038018
DGP3,DML-CF,0.21310440574447936
DGP3,ORF,0.20426431969771072
