dgp,method,conv_rate_b
DGP4,CF,0.28044532165396724
DGP4,DML-CF,0.2860727679947039
DGP4,ORF,0.39711162549939627
