dgp,method,conv_rate_b
DGP8,CF,0.13735799102806556
DGP8,DML-CF,0.025489097372354504
DGP8,ORF,0.44222851039463645
