dgp,method,conv_rate_b
DGP2,CF,0.1111205296374888
DGP2,DML-CF,0.21314950695529644
DGP2,ORF,0.23468710419441988
