dgp,method,conv_rate_b
DGP7,CF,0.2355063164833726
DGP7,DML-CF,0.13814294877728064
DGP7,ORF,0.3810785381989634
