dgp,method,conv_rate_b
RCT,CF,0.12739473107288515
RCT,DML-CF,0.23744010705145507
RCT,ORF,0.21550075652475814
